class_id,subject,building,teacher_name,student_nmec,student_name,exam_date
0,Analysis and Exploration of Vulnerabilities,B6,Roslyn SMITH,88888,Roobbie SMITH,2023-02-11
0,Analysis and Exploration of Vulnerabilities,B6,Roslyn SMITH,88889,Ronica GARCIA,2023-02-11
0,Analysis and Exploration of Vulnerabilities,B6,Roslyn SMITH,88890,Ronda RODRIGUEZ,2023-02-11
0,Analysis and Exploration of Vulnerabilities,B6,Roslyn SMITH,88891,Ronni ALLEN,2023-02-11
0,Analysis and Exploration of Vulnerabilities,B6,Roslyn SMITH,88892,Roseanne HALL,2023-02-11
0,Analysis and Exploration of Vulnerabilities,B6,Roslyn SMITH,88893,Rosemary SMITH,2023-02-11
0,Analysis and Exploration of Vulnerabilities,B6,Roslyn SMITH,88894,Roslyn TAYLOR,2023-02-11
0,Analysis and Exploration of Vulnerabilities,B6,Roslyn SMITH,88895,Ronnica TAYLOR,2023-02-11
0,Analysis and Exploration of Vulnerabilities,B6,Roslyn SMITH,88896,Roseanna MARTINEZ,2023-02-11
0,Analysis and Exploration of Vulnerabilities,B6,Roslyn SMITH,88897,Rosemonde MILLER,2023-02-11
0,Analysis and Exploration of Vulnerabilities,B6,Roslyn SMITH,88898,Ronnie WILSON,2023-02-11
0,Analysis and Exploration of Vulnerabilities,B6,Roslyn SMITH,88899,Romola DAVIS,2023-02-11
0,Analysis and Exploration of Vulnerabilities,B6,Roslyn SMITH,88900,Roch WHITE,2023-02-11
0,Analysis and Exploration of Vulnerabilities,B6,Roslyn SMITH,88901,Roseanne HALL,2023-02-11
0,Analysis and Exploration of Vulnerabilities,B6,Roslyn SMITH,88902,Rosanna JACKSON,2023-02-11
0,Analysis and Exploration of Vulnerabilities,B6,Roslyn SMITH,88903,Ronnica GARCIA,2023-02-11
0,Analysis and Exploration of Vulnerabilities,B6,Roslyn SMITH,88904,Rosemary LEE,2023-02-11
0,Analysis and Exploration of Vulnerabilities,B6,Roslyn SMITH,88905,Romonda MOORE,2023-02-11
0,Analysis and Exploration of Vulnerabilities,B6,Roslyn SMITH,88906,Rosalie LEE,2023-02-11
0,Analysis and Exploration of Vulnerabilities,B6,Roslyn SMITH,88907,Rora WILSON,2023-02-11
0,Analysis and Exploration of Vulnerabilities,B6,Roslyn SMITH,88908,Rosaline ALLEN,2023-02-11
0,Analysis and Exploration of Vulnerabilities,B6,Roslyn SMITH,88909,Roselle WILSON,2023-02-11
0,Analysis and Exploration of Vulnerabilities,B6,Roslyn SMITH,88910,Romola MOORE,2023-02-11
0,Analysis and Exploration of Vulnerabilities,B6,Roslyn SMITH,88911,Romona JACKSON,2023-02-11
0,Analysis and Exploration of Vulnerabilities,B6,Roslyn SMITH,88912,Roseann ALLEN,2023-02-11
0,Analysis and Exploration of Vulnerabilities,B6,Roslyn SMITH,88913,Ros WILLIAMS,2023-02-11
0,Analysis and Exploration of Vulnerabilities,B6,Roslyn SMITH,88914,Ronnie TAYLOR,2023-02-11
0,Analysis and Exploration of Vulnerabilities,B6,Roslyn SMITH,88915,Rosanne WILSON,2023-02-11
0,Analysis and Exploration of Vulnerabilities,B6,Roslyn SMITH,88916,Rosabella THOMPSON,2023-02-11
0,Analysis and Exploration of Vulnerabilities,B6,Roslyn SMITH,88917,Ronalda WHITE,2023-02-11
1,Databases,C4,Rosie THOMPSON,88918,Rochell MILLER,2023-01-17
1,Databases,C4,Rosie THOMPSON,88919,Ronnica TAYLOR,2023-01-17
1,Databases,C4,Rosie THOMPSON,88920,Roch WILSON,2023-01-17
1,Databases,C4,Rosie THOMPSON,88921,Rodina THOMPSON,2023-01-17
1,Databases,C4,Rosie THOMPSON,88922,Romy MILLER,2023-01-17
1,Databases,C4,Rosie THOMPSON,88923,Roobbie THOMPSON,2023-01-17
1,Databases,C4,Rosie THOMPSON,88924,Rosa ALLEN,2023-01-17
1,Databases,C4,Rosie THOMPSON,88925,Ronni GARCIA,2023-01-17
1,Databases,C4,Rosie THOMPSON,88926,Rosana MARTINEZ,2023-01-17
1,Databases,C4,Rosie THOMPSON,88927,Rosalyn YOUNG,2023-01-17
1,Databases,C4,Rosie THOMPSON,88928,Roseanna ALLEN,2023-01-17
1,Databases,C4,Rosie THOMPSON,88929,Rosa MARTINEZ,2023-01-17
1,Databases,C4,Rosie THOMPSON,88930,Rosie YOUNG,2023-01-17
1,Databases,C4,Rosie THOMPSON,88931,Roch DAVIS,2023-01-17
1,Databases,C4,Rosie THOMPSON,88932,Rosana JOHNSON,2023-01-17
1,Databases,C4,Rosie THOMPSON,88933,Rochelle MOORE,2023-01-17
1,Databases,C4,Rosie THOMPSON,88934,Rosanna JACKSON,2023-01-17
1,Databases,C4,Rosie THOMPSON,88935,Roselle DAVIS,2023-01-17
1,Databases,C4,Rosie THOMPSON,88936,Rona CLARK,2023-01-17
1,Databases,C4,Rosie THOMPSON,88937,Roseline BROWN,2023-01-17
1,Databases,C4,Rosie THOMPSON,88938,Rosene WALKER,2023-01-17
1,Databases,C4,Rosie THOMPSON,88939,Rose SMITH,2023-01-17
1,Databases,C4,Rosie THOMPSON,88940,Rosemaria MOORE,2023-01-17
1,Databases,C4,Rosie THOMPSON,88941,Rochella JACKSON,2023-01-17
1,Databases,C4,Rosie THOMPSON,88942,Ronna JOHNSON,2023-01-17
1,Databases,C4,Rosie THOMPSON,88943,Ronda ROBINSON,2023-01-17
1,Databases,C4,Rosie THOMPSON,88944,Roselia MILLER,2023-01-17
1,Databases,C4,Rosie THOMPSON,88945,Rora LEE,2023-01-17
1,Databases,C4,Rosie THOMPSON,88946,Roslyn ANDERSON,2023-01-17
1,Databases,C4,Rosie THOMPSON,88947,Rosina WILSON,2023-01-17
2,Security Information and Organization,G4,Ronni HARRIS,88948,Rosamund GARCIA,2023-02-27
2,Security Information and Organization,G4,Ronni HARRIS,88949,Ronny WILSON,2023-02-27
2,Security Information and Organization,G4,Ronni HARRIS,88950,Rora YOUNG,2023-02-27
2,Security Information and Organization,G4,Ronni HARRIS,88951,Ronalda ROBINSON,2023-02-27
2,Security Information and Organization,G4,Ronni HARRIS,88952,Rosalind LEWIS,2023-02-27
2,Security Information and Organization,G4,Ronni HARRIS,88953,Rosette BROWN,2023-02-27
2,Security Information and Organization,G4,Ronni HARRIS,88954,Roselle BROWN,2023-02-27
2,Security Information and Organization,G4,Ronni HARRIS,88955,Rosmunda ANDERSON,2023-02-27
2,Security Information and Organization,G4,Ronni HARRIS,88956,Ros HARRIS,2023-02-27
2,Security Information and Organization,G4,Ronni HARRIS,88957,Rois ALLEN,2023-02-27
2,Security Information and Organization,G4,Ronni HARRIS,88958,Rodi THOMPSON,2023-02-27
2,Security Information and Organization,G4,Ronni HARRIS,88959,Rodi JONES,2023-02-27
2,Security Information and Organization,G4,Ronni HARRIS,88960,Rosalyn SMITH,2023-02-27
2,Security Information and Organization,G4,Ronni HARRIS,88961,Rois CLARK,2023-02-27
2,Security Information and Organization,G4,Ronni HARRIS,88962,Roslyn RODRIGUEZ,2023-02-27
2,Security Information and Organization,G4,Ronni HARRIS,88963,Rochella LEE,2023-02-27
2,Security Information and Organization,G4,Ronni HARRIS,88964,Roseanna JACKSON,2023-02-27
2,Security Information and Organization,G4,Ronni HARRIS,88965,Rodie ALLEN,2023-02-27
2,Security Information and Organization,G4,Ronni HARRIS,88966,Rosamond MOORE,2023-02-27
2,Security Information and Organization,G4,Ronni HARRIS,88967,Rosabella WALKER,2023-02-27
2,Security Information and Organization,G4,Ronni HARRIS,88968,Rori MARTINEZ,2023-02-27
2,Security Information and Organization,G4,Ronni HARRIS,88969,Rory MARTIN,2023-02-27
2,Security Information and Organization,G4,Ronni HARRIS,88970,Roseanna HARRIS,2023-02-27
2,Security Information and Organization,G4,Ronni HARRIS,88971,Rosene THOMPSON,2023-02-27
2,Security Information and Organization,G4,Ronni HARRIS,88972,Rosella JONES,2023-02-27
2,Security Information and Organization,G4,Ronni HARRIS,88973,Rochelle RODRIGUEZ,2023-02-27
2,Security Information and Organization,G4,Ronni HARRIS,88974,Rosemary LEE,2023-02-27
2,Security Information and Organization,G4,Ronni HARRIS,88975,Ros MARTIN,2023-02-27
2,Security Information and Organization,G4,Ronni HARRIS,88976,Rosaline LEE,2023-02-27
2,Security Information and Organization,G4,Ronni HARRIS,88977,Rosita MILLER,2023-02-27
3,Software Engineering,C3,Ronny JONES,88978,Roseann MARTINEZ,2023-02-25
3,Software Engineering,C3,Ronny JONES,88979,Roselle YOUNG,2023-02-25
3,Software Engineering,C3,Ronny JONES,88980,Roseann WILLIAMS,2023-02-25
3,Software Engineering,C3,Ronny JONES,88981,Rosaleen JOHNSON,2023-02-25
3,Software Engineering,C3,Ronny JONES,88982,Romonda WILLIAMS,2023-02-25
3,Software Engineering,C3,Ronny JONES,88983,Rosabel WILSON,2023-02-25
3,Software Engineering,C3,Ronny JONES,88984,Ronalda JONES,2023-02-25
3,Software Engineering,C3,Ronny JONES,88985,Rosalinde TAYLOR,2023-02-25
3,Software Engineering,C3,Ronny JONES,88986,Rochell MILLER,2023-02-25
3,Software Engineering,C3,Ronny JONES,88987,Rosina SMITH,2023-02-25
3,Software Engineering,C3,Ronny JONES,88988,Rosa MILLER,2023-02-25
3,Software Engineering,C3,Ronny JONES,88989,Ronica JOHNSON,2023-02-25
3,Software Engineering,C3,Ronny JONES,88990,Rochell WILLIAMS,2023-02-25
3,Software Engineering,C3,Ronny JONES,88991,Roseann HALL,2023-02-25
3,Software Engineering,C3,Ronny JONES,88992,Rosetta JACKSON,2023-02-25
3,Software Engineering,C3,Ronny JONES,88993,Rochell HARRIS,2023-02-25
3,Software Engineering,C3,Ronny JONES,88994,Romona MARTINEZ,2023-02-25
3,Software Engineering,C3,Ronny JONES,88995,Rory YOUNG,2023-02-25
3,Software Engineering,C3,Ronny JONES,88996,Roshelle DAVIS,2023-02-25
3,Software Engineering,C3,Ronny JONES,88997,Rosella RODRIGUEZ,2023-02-25
3,Software Engineering,C3,Ronny JONES,88998,Roseanna RODRIGUEZ,2023-02-25
3,Software Engineering,C3,Ronny JONES,88999,Rosalynd WILLIAMS,2023-02-25
3,Software Engineering,C3,Ronny JONES,89000,Ronda MOORE,2023-02-25
3,Software Engineering,C3,Ronny JONES,89001,Ronnie MOORE,2023-02-25
3,Software Engineering,C3,Ronny JONES,89002,Romonda GARCIA,2023-02-25
3,Software Engineering,C3,Ronny JONES,89003,Rosella WILSON,2023-02-25
3,Software Engineering,C3,Ronny JONES,89004,Rosina MILLER,2023-02-25
3,Software Engineering,C3,Ronny JONES,89005,Rosamund MARTINEZ,2023-02-25
3,Software Engineering,C3,Ronny JONES,89006,Rosalyn THOMAS,2023-02-25
3,Software Engineering,C3,Ronny JONES,89007,Rose GARCIA,2023-02-25
4,Master's Thesis,D6,Rosamund JONES,89008,Rosemarie RODRIGUEZ,2023-01-09
4,Master's Thesis,D6,Rosamund JONES,89009,Roseanna BROWN,2023-01-09
4,Master's Thesis,D6,Rosamund JONES,89010,Rosamond SMITH,2023-01-09
4,Master's Thesis,D6,Rosamund JONES,89011,Roch THOMPSON,2023-01-09
4,Master's Thesis,D6,Rosamund JONES,89012,Rosamond ALLEN,2023-01-09
4,Master's Thesis,D6,Rosamund JONES,89013,Rosemaria THOMAS,2023-01-09
4,Master's Thesis,D6,Rosamund JONES,89014,Ronnica JACKSON,2023-01-09
4,Master's Thesis,D6,Rosamund JONES,89015,Roobbie YOUNG,2023-01-09
4,Master's Thesis,D6,Rosamund JONES,89016,Ronna THOMAS,2023-01-09
4,Master's Thesis,D6,Rosamund JONES,89017,Romy TAYLOR,2023-01-09
4,Master's Thesis,D6,Rosamund JONES,89018,Roch DAVIS,2023-01-09
4,Master's Thesis,D6,Rosamund JONES,89019,Rosemaria MARTIN,2023-01-09
4,Master's Thesis,D6,Rosamund JONES,89020,Roseline WALKER,2023-01-09
4,Master's Thesis,D6,Rosamund JONES,89021,Ronnie MARTINEZ,2023-01-09
4,Master's Thesis,D6,Rosamund JONES,89022,Ronnie RODRIGUEZ,2023-01-09
4,Master's Thesis,D6,Rosamund JONES,89023,Roseanna HALL,2023-01-09
4,Master's Thesis,D6,Rosamund JONES,89024,Rosmunda YOUNG,2023-01-09
4,Master's Thesis,D6,Rosamund JONES,89025,Roseline SMITH,2023-01-09
4,Master's Thesis,D6,Rosamund JONES,89026,Rosaline MILLER,2023-01-09
4,Master's Thesis,D6,Rosamund JONES,89027,Rochelle MARTIN,2023-01-09
4,Master's Thesis,D6,Rosamund JONES,89028,Rosabelle THOMPSON,2023-01-09
4,Master's Thesis,D6,Rosamund JONES,89029,Ronda WHITE,2023-01-09
4,Master's Thesis,D6,Rosamund JONES,89030,Roseanna RODRIGUEZ,2023-01-09
4,Master's Thesis,D6,Rosamund JONES,89031,Roselle TAYLOR,2023-01-09
4,Master's Thesis,D6,Rosamund JONES,89032,Roseline CLARK,2023-01-09
4,Master's Thesis,D6,Rosamund JONES,89033,Rosalind YOUNG,2023-01-09
4,Master's Thesis,D6,Rosamund JONES,89034,Rosemaria TAYLOR,2023-01-09
4,Master's Thesis,D6,Rosamund JONES,89035,Rosamund JACKSON,2023-01-09
4,Master's Thesis,D6,Rosamund JONES,89036,Rosetta WHITE,2023-01-09
4,Master's Thesis,D6,Rosamund JONES,89037,Roselle MOORE,2023-01-09
5,Portuguese A1,B0,Rosabella JONES,89038,Rory MARTIN,2023-01-06
5,Portuguese A1,B0,Rosabella JONES,89039,Rosaline MARTIN,2023-01-06
5,Portuguese A1,B0,Rosabella JONES,89040,Rosemonde YOUNG,2023-01-06
5,Portuguese A1,B0,Rosabella JONES,89041,Rodie SMITH,2023-01-06
5,Portuguese A1,B0,Rosabella JONES,89042,Romy BROWN,2023-01-06
5,Portuguese A1,B0,Rosabella JONES,89043,Rochette LEE,2023-01-06
5,Portuguese A1,B0,Rosabella JONES,89044,Rosemonde WILLIAMS,2023-01-06
5,Portuguese A1,B0,Rosabella JONES,89045,Rose YOUNG,2023-01-06
5,Portuguese A1,B0,Rosabella JONES,89046,Roseanna ANDERSON,2023-01-06
5,Portuguese A1,B0,Rosabella JONES,89047,Rosie WILSON,2023-01-06
5,Portuguese A1,B0,Rosabella JONES,89048,Rosabel CLARK,2023-01-06
5,Portuguese A1,B0,Rosabella JONES,89049,Romola ROBINSON,2023-01-06
5,Portuguese A1,B0,Rosabella JONES,89050,Roselle MOORE,2023-01-06
5,Portuguese A1,B0,Rosabella JONES,89051,Ronnie MOORE,2023-01-06
5,Portuguese A1,B0,Rosabella JONES,89052,Romonda JONES,2023-01-06
5,Portuguese A1,B0,Rosabella JONES,89053,Rosaleen RODRIGUEZ,2023-01-06
5,Portuguese A1,B0,Rosabella JONES,89054,Ronica WHITE,2023-01-06
5,Portuguese A1,B0,Rosabella JONES,89055,Romonda MARTINEZ,2023-01-06
5,Portuguese A1,B0,Rosabella JONES,89056,Rosemarie BROWN,2023-01-06
5,Portuguese A1,B0,Rosabella JONES,89057,Rosanna MARTIN,2023-01-06
5,Portuguese A1,B0,Rosabella JONES,89058,Rodi WALKER,2023-01-06
5,Portuguese A1,B0,Rosabella JONES,89059,Rosana WHITE,2023-01-06
5,Portuguese A1,B0,Rosabella JONES,89060,Rosabella WILLIAMS,2023-01-06
5,Portuguese A1,B0,Rosabella JONES,89061,Rosa THOMPSON,2023-01-06
5,Portuguese A1,B0,Rosabella JONES,89062,Rose BROWN,2023-01-06
5,Portuguese A1,B0,Rosabella JONES,89063,Rochella MILLER,2023-01-06
5,Portuguese A1,B0,Rosabella JONES,89064,Rosemarie LEWIS,2023-01-06
5,Portuguese A1,B0,Rosabella JONES,89065,Roseanne YOUNG,2023-01-06
5,Portuguese A1,B0,Rosabella JONES,89066,Rochell ANDERSON,2023-01-06
5,Portuguese A1,B0,Rosabella JONES,89067,Rorie ROBINSON,2023-01-06
6,Portuguese A2,B3,Ronna THOMPSON,89068,Rosamond MILLER,2023-02-07
6,Portuguese A2,B3,Ronna THOMPSON,89069,Rosanna WHITE,2023-02-07
6,Portuguese A2,B3,Ronna THOMPSON,89070,Roobbie RODRIGUEZ,2023-02-07
6,Portuguese A2,B3,Ronna THOMPSON,89071,Rori JACKSON,2023-02-07
6,Portuguese A2,B3,Ronna THOMPSON,89072,Rodie JONES,2023-02-07
6,Portuguese A2,B3,Ronna THOMPSON,89073,Ronica ALLEN,2023-02-07
6,Portuguese A2,B3,Ronna THOMPSON,89074,Rose RODRIGUEZ,2023-02-07
6,Portuguese A2,B3,Ronna THOMPSON,89075,Rosabelle THOMPSON,2023-02-07
6,Portuguese A2,B3,Ronna THOMPSON,89076,Rosabelle BROWN,2023-02-07
6,Portuguese A2,B3,Ronna THOMPSON,89077,Rochette LEWIS,2023-02-07
6,Portuguese A2,B3,Ronna THOMPSON,89078,Rosamund JACKSON,2023-02-07
6,Portuguese A2,B3,Ronna THOMPSON,89079,Rosalyn ALLEN,2023-02-07
6,Portuguese A2,B3,Ronna THOMPSON,89080,Rosalind ROBINSON,2023-02-07
6,Portuguese A2,B3,Ronna THOMPSON,89081,Rochelle MARTIN,2023-02-07
6,Portuguese A2,B3,Ronna THOMPSON,89082,Rodina ANDERSON,2023-02-07
6,Portuguese A2,B3,Ronna THOMPSON,89083,Rona JACKSON,2023-02-07
6,Portuguese A2,B3,Ronna THOMPSON,89084,Romy BROWN,2023-02-07
6,Portuguese A2,B3,Ronna THOMPSON,89085,Rosabel YOUNG,2023-02-07
6,Portuguese A2,B3,Ronna THOMPSON,89086,Rosalynd HARRIS,2023-02-07
6,Portuguese A2,B3,Ronna THOMPSON,89087,Rose JOHNSON,2023-02-07
6,Portuguese A2,B3,Ronna THOMPSON,89088,Roselle RODRIGUEZ,2023-02-07
6,Portuguese A2,B3,Ronna THOMPSON,89089,Rosemary HALL,2023-02-07
6,Portuguese A2,B3,Ronna THOMPSON,89090,Rori TAYLOR,2023-02-07
6,Portuguese A2,B3,Ronna THOMPSON,89091,Rochelle HALL,2023-02-07
6,Portuguese A2,B3,Ronna THOMPSON,89092,Rona MARTIN,2023-02-07
6,Portuguese A2,B3,Ronna THOMPSON,89093,Rois YOUNG,2023-02-07
6,Portuguese A2,B3,Ronna THOMPSON,89094,Rochella TAYLOR,2023-02-07
6,Portuguese A2,B3,Ronna THOMPSON,89095,Roda MARTIN,2023-02-07
6,Portuguese A2,B3,Ronna THOMPSON,89096,Rori JACKSON,2023-02-07
6,Portuguese A2,B3,Ronna THOMPSON,89097,Roseann THOMAS,2023-02-07
7,Integrated Project ManagementPortuguese B1,B6,Roslyn HARRIS,89098,Rochelle MOORE,2023-01-22
7,Integrated Project ManagementPortuguese B1,B6,Roslyn HARRIS,89099,Rosalynd DAVIS,2023-01-22
7,Integrated Project ManagementPortuguese B1,B6,Roslyn HARRIS,89100,Rodina ALLEN,2023-01-22
7,Integrated Project ManagementPortuguese B1,B6,Roslyn HARRIS,89101,Roselle WHITE,2023-01-22
7,Integrated Project ManagementPortuguese B1,B6,Roslyn HARRIS,89102,Rose GARCIA,2023-01-22
7,Integrated Project ManagementPortuguese B1,B6,Roslyn HARRIS,89103,Rosemonde ALLEN,2023-01-22
7,Integrated Project ManagementPortuguese B1,B6,Roslyn HARRIS,89104,Roobbie WALKER,2023-01-22
7,Integrated Project ManagementPortuguese B1,B6,Roslyn HARRIS,89105,Rochell RODRIGUEZ,2023-01-22
7,Integrated Project ManagementPortuguese B1,B6,Roslyn HARRIS,89106,Rosa ANDERSON,2023-01-22
7,Integrated Project ManagementPortuguese B1,B6,Roslyn HARRIS,89107,Roshelle THOMPSON,2023-01-22
7,Integrated Project ManagementPortuguese B1,B6,Roslyn HARRIS,89108,Rosina HARRIS,2023-01-22
7,Integrated Project ManagementPortuguese B1,B6,Roslyn HARRIS,89109,Romy CLARK,2023-01-22
7,Integrated Project ManagementPortuguese B1,B6,Roslyn HARRIS,89110,Rochell LEE,2023-01-22
7,Integrated Project ManagementPortuguese B1,B6,Roslyn HARRIS,89111,Rosaline GARCIA,2023-01-22
7,Integrated Project ManagementPortuguese B1,B6,Roslyn HARRIS,89112,Rosetta HARRIS,2023-01-22
7,Integrated Project ManagementPortuguese B1,B6,Roslyn HARRIS,89113,Rois MARTINEZ,2023-01-22
7,Integrated Project ManagementPortuguese B1,B6,Roslyn HARRIS,89114,Rosalinde WALKER,2023-01-22
7,Integrated Project ManagementPortuguese B1,B6,Roslyn HARRIS,89115,Ros RODRIGUEZ,2023-01-22
7,Integrated Project ManagementPortuguese B1,B6,Roslyn HARRIS,89116,Rosene JACKSON,2023-01-22
7,Integrated Project ManagementPortuguese B1,B6,Roslyn HARRIS,89117,Ronnica ROBINSON,2023-01-22
7,Integrated Project ManagementPortuguese B1,B6,Roslyn HARRIS,89118,Roseanne DAVIS,2023-01-22
7,Integrated Project ManagementPortuguese B1,B6,Roslyn HARRIS,89119,Rosemaria SMITH,2023-01-22
7,Integrated Project ManagementPortuguese B1,B6,Roslyn HARRIS,89120,Rori ANDERSON,2023-01-22
7,Integrated Project ManagementPortuguese B1,B6,Roslyn HARRIS,89121,Rosabelle WILLIAMS,2023-01-22
7,Integrated Project ManagementPortuguese B1,B6,Roslyn HARRIS,89122,Rosalinde JOHNSON,2023-01-22
7,Integrated Project ManagementPortuguese B1,B6,Roslyn HARRIS,89123,Rois HARRIS,2023-01-22
7,Integrated Project ManagementPortuguese B1,B6,Roslyn HARRIS,89124,Rosamund MARTINEZ,2023-01-22
7,Integrated Project ManagementPortuguese B1,B6,Roslyn HARRIS,89125,Rosalyn WILLIAMS,2023-01-22
7,Integrated Project ManagementPortuguese B1,B6,Roslyn HARRIS,89126,Rose ANDERSON,2023-01-22
7,Integrated Project ManagementPortuguese B1,B6,Roslyn HARRIS,89127,Ronda JACKSON,2023-01-22
8,Portuguese B2,G6,Rosette CLARK,89128,Roshelle JOHNSON,2023-01-20
8,Portuguese B2,G6,Rosette CLARK,89129,Rosamund JONES,2023-01-20
8,Portuguese B2,G6,Rosette CLARK,89130,Rosmunda MARTINEZ,2023-01-20
8,Portuguese B2,G6,Rosette CLARK,89131,Rory RODRIGUEZ,2023-01-20
8,Portuguese B2,G6,Rosette CLARK,89132,Rodi MARTIN,2023-01-20
8,Portuguese B2,G6,Rosette CLARK,89133,Rosanne WHITE,2023-01-20
8,Portuguese B2,G6,Rosette CLARK,89134,Romonda WILSON,2023-01-20
8,Portuguese B2,G6,Rosette CLARK,89135,Rorie MOORE,2023-01-20
8,Portuguese B2,G6,Rosette CLARK,89136,Ros JONES,2023-01-20
8,Portuguese B2,G6,Rosette CLARK,89137,Rosana HALL,2023-01-20
8,Portuguese B2,G6,Rosette CLARK,89138,Rona MARTINEZ,2023-01-20
8,Portuguese B2,G6,Rosette CLARK,89139,Roch BROWN,2023-01-20
8,Portuguese B2,G6,Rosette CLARK,89140,Rosalinde WILSON,2023-01-20
8,Portuguese B2,G6,Rosette CLARK,89141,Rosabella HALL,2023-01-20
8,Portuguese B2,G6,Rosette CLARK,89142,Rochelle RODRIGUEZ,2023-01-20
8,Portuguese B2,G6,Rosette CLARK,89143,Roseanna JOHNSON,2023-01-20
8,Portuguese B2,G6,Rosette CLARK,89144,Roseanne GARCIA,2023-01-20
8,Portuguese B2,G6,Rosette CLARK,89145,Rose WHITE,2023-01-20
8,Portuguese B2,G6,Rosette CLARK,89146,Roseanna WILLIAMS,2023-01-20
8,Portuguese B2,G6,Rosette CLARK,89147,Rochell MARTINEZ,2023-01-20
8,Portuguese B2,G6,Rosette CLARK,89148,Rosalia MOORE,2023-01-20
8,Portuguese B2,G6,Rosette CLARK,89149,Roseline MARTIN,2023-01-20
8,Portuguese B2,G6,Rosette CLARK,89150,Rosella RODRIGUEZ,2023-01-20
8,Portuguese B2,G6,Rosette CLARK,89151,Rosalinda HARRIS,2023-01-20
8,Portuguese B2,G6,Rosette CLARK,89152,Rorie TAYLOR,2023-01-20
8,Portuguese B2,G6,Rosette CLARK,89153,Roselin THOMAS,2023-01-20
8,Portuguese B2,G6,Rosette CLARK,89154,Ronnica ANDERSON,2023-01-20
8,Portuguese B2,G6,Rosette CLARK,89155,Rosalinde SMITH,2023-01-20
8,Portuguese B2,G6,Rosette CLARK,89156,Rosamond ALLEN,2023-01-20
8,Portuguese B2,G6,Rosette CLARK,89157,Rosabella ALLEN,2023-01-20
9,Portuguese C1,A3,Roselle HARRIS,89158,Rosella YOUNG,2023-01-22
9,Portuguese C1,A3,Roselle HARRIS,89159,Rosabel TAYLOR,2023-01-22
9,Portuguese C1,A3,Roselle HARRIS,89160,Rosette CLARK,2023-01-22
9,Portuguese C1,A3,Roselle HARRIS,89161,Rosette THOMPSON,2023-01-22
9,Portuguese C1,A3,Roselle HARRIS,89162,Rosaleen CLARK,2023-01-22
9,Portuguese C1,A3,Roselle HARRIS,89163,Rosie MARTIN,2023-01-22
9,Portuguese C1,A3,Roselle HARRIS,89164,Rose YOUNG,2023-01-22
9,Portuguese C1,A3,Roselle HARRIS,89165,Rosamond JACKSON,2023-01-22
9,Portuguese C1,A3,Roselle HARRIS,89166,Rochelle GARCIA,2023-01-22
9,Portuguese C1,A3,Roselle HARRIS,89167,Rosmunda ANDERSON,2023-01-22
9,Portuguese C1,A3,Roselle HARRIS,89168,Rosaline HARRIS,2023-01-22
9,Portuguese C1,A3,Roselle HARRIS,89169,Rosemarie BROWN,2023-01-22
9,Portuguese C1,A3,Roselle HARRIS,89170,Roda SMITH,2023-01-22
9,Portuguese C1,A3,Roselle HARRIS,89171,Rosie LEE,2023-01-22
9,Portuguese C1,A3,Roselle HARRIS,89172,Rosabelle ALLEN,2023-01-22
9,Portuguese C1,A3,Roselle HARRIS,89173,Roobbie WHITE,2023-01-22
9,Portuguese C1,A3,Roselle HARRIS,89174,Ronica YOUNG,2023-01-22
9,Portuguese C1,A3,Roselle HARRIS,89175,Rosalinda JOHNSON,2023-01-22
9,Portuguese C1,A3,Roselle HARRIS,89176,Rosella DAVIS,2023-01-22
9,Portuguese C1,A3,Roselle HARRIS,89177,Rosie MARTINEZ,2023-01-22
9,Portuguese C1,A3,Roselle HARRIS,89178,Roseanna JACKSON,2023-01-22
9,Portuguese C1,A3,Roselle HARRIS,89179,Ros WALKER,2023-01-22
9,Portuguese C1,A3,Roselle HARRIS,89180,Rosabel JONES,2023-01-22
9,Portuguese C1,A3,Roselle HARRIS,89181,Ronalda ROBINSON,2023-01-22
9,Portuguese C1,A3,Roselle HARRIS,89182,Romy ANDERSON,2023-01-22
9,Portuguese C1,A3,Roselle HARRIS,89183,Rosalyn SMITH,2023-01-22
9,Portuguese C1,A3,Roselle HARRIS,89184,Rosina JACKSON,2023-01-22
9,Portuguese C1,A3,Roselle HARRIS,89185,Rosanna WALKER,2023-01-22
9,Portuguese C1,A3,Roselle HARRIS,89186,Ronica DAVIS,2023-01-22
9,Portuguese C1,A3,Roselle HARRIS,89187,Rosalind JOHNSON,2023-01-22
10,Portuguese C2,E4,Ronnica LEWIS,89188,Ronni MARTIN,2023-01-24
10,Portuguese C2,E4,Ronnica LEWIS,89189,Rosemary HALL,2023-01-24
10,Portuguese C2,E4,Ronnica LEWIS,89190,Rosamund WALKER,2023-01-24
10,Portuguese C2,E4,Ronnica LEWIS,89191,Rochell ROBINSON,2023-01-24
10,Portuguese C2,E4,Ronnica LEWIS,89192,Rosalinde JONES,2023-01-24
10,Portuguese C2,E4,Ronnica LEWIS,89193,Rosene WHITE,2023-01-24
10,Portuguese C2,E4,Ronnica LEWIS,89194,Rosana YOUNG,2023-01-24
10,Portuguese C2,E4,Ronnica LEWIS,89195,Rosalinda MILLER,2023-01-24
10,Portuguese C2,E4,Ronnica LEWIS,89196,Rosalinda BROWN,2023-01-24
10,Portuguese C2,E4,Ronnica LEWIS,89197,Rosalie MARTINEZ,2023-01-24
10,Portuguese C2,E4,Ronnica LEWIS,89198,Roselle MILLER,2023-01-24
10,Portuguese C2,E4,Ronnica LEWIS,89199,Romy HALL,2023-01-24
10,Portuguese C2,E4,Ronnica LEWIS,89200,Roda RODRIGUEZ,2023-01-24
10,Portuguese C2,E4,Ronnica LEWIS,89201,Rodina WALKER,2023-01-24
10,Portuguese C2,E4,Ronnica LEWIS,89202,Rosana MARTINEZ,2023-01-24
10,Portuguese C2,E4,Ronnica LEWIS,89203,Romola THOMPSON,2023-01-24
10,Portuguese C2,E4,Ronnica LEWIS,89204,Rose JACKSON,2023-01-24
10,Portuguese C2,E4,Ronnica LEWIS,89205,Rosalyn MARTINEZ,2023-01-24
10,Portuguese C2,E4,Ronnica LEWIS,89206,Rosamund THOMAS,2023-01-24
10,Portuguese C2,E4,Ronnica LEWIS,89207,Rosemonde MARTINEZ,2023-01-24
10,Portuguese C2,E4,Ronnica LEWIS,89208,Romy JOHNSON,2023-01-24
10,Portuguese C2,E4,Ronnica LEWIS,89209,Rosemarie ANDERSON,2023-01-24
10,Portuguese C2,E4,Ronnica LEWIS,89210,Rodie JACKSON,2023-01-24
10,Portuguese C2,E4,Ronnica LEWIS,89211,Rois TAYLOR,2023-01-24
10,Portuguese C2,E4,Ronnica LEWIS,89212,Roslyn LEWIS,2023-01-24
10,Portuguese C2,E4,Ronnica LEWIS,89213,Rosabella ROBINSON,2023-01-24
10,Portuguese C2,E4,Ronnica LEWIS,89214,Rosalie THOMPSON,2023-01-24
10,Portuguese C2,E4,Ronnica LEWIS,89215,Rosaline DAVIS,2023-01-24
10,Portuguese C2,E4,Ronnica LEWIS,89216,Rosalie ROBINSON,2023-01-24
10,Portuguese C2,E4,Ronnica LEWIS,89217,Romonda THOMPSON,2023-01-24
11,Polish A1,E1,Rosabelle THOMPSON,89218,Rosalynd MOORE,2023-01-16
11,Polish A1,E1,Rosabelle THOMPSON,89219,Romola MARTINEZ,2023-01-16
11,Polish A1,E1,Rosabelle THOMPSON,89220,Roseann MOORE,2023-01-16
11,Polish A1,E1,Rosabelle THOMPSON,89221,Rory DAVIS,2023-01-16
11,Polish A1,E1,Rosabelle THOMPSON,89222,Rosita MOORE,2023-01-16
11,Polish A1,E1,Rosabelle THOMPSON,89223,Rochette WHITE,2023-01-16
11,Polish A1,E1,Rosabelle THOMPSON,89224,Rori LEE,2023-01-16
11,Polish A1,E1,Rosabelle THOMPSON,89225,Rosita WILSON,2023-01-16
11,Polish A1,E1,Rosabelle THOMPSON,89226,Rosetta MOORE,2023-01-16
11,Polish A1,E1,Rosabelle THOMPSON,89227,Roda HALL,2023-01-16
11,Polish A1,E1,Rosabelle THOMPSON,89228,Rosalind BROWN,2023-01-16
11,Polish A1,E1,Rosabelle THOMPSON,89229,Rona WILLIAMS,2023-01-16
11,Polish A1,E1,Rosabelle THOMPSON,89230,Rosette HARRIS,2023-01-16
11,Polish A1,E1,Rosabelle THOMPSON,89231,Rosalind YOUNG,2023-01-16
11,Polish A1,E1,Rosabelle THOMPSON,89232,Rosalie LEE,2023-01-16
11,Polish A1,E1,Rosabelle THOMPSON,89233,Rosette JACKSON,2023-01-16
11,Polish A1,E1,Rosabelle THOMPSON,89234,Ronny JOHNSON,2023-01-16
11,Polish A1,E1,Rosabelle THOMPSON,89235,Roseline DAVIS,2023-01-16
11,Polish A1,E1,Rosabelle THOMPSON,89236,Rosamund MOORE,2023-01-16
11,Polish A1,E1,Rosabelle THOMPSON,89237,Rosamond WILSON,2023-01-16
11,Polish A1,E1,Rosabelle THOMPSON,89238,Ros THOMPSON,2023-01-16
11,Polish A1,E1,Rosabelle THOMPSON,89239,Rosaline ROBINSON,2023-01-16
11,Polish A1,E1,Rosabelle THOMPSON,89240,Roseann THOMAS,2023-01-16
11,Polish A1,E1,Rosabelle THOMPSON,89241,Ronni DAVIS,2023-01-16
11,Polish A1,E1,Rosabelle THOMPSON,89242,Rosemary LEE,2023-01-16
11,Polish A1,E1,Rosabelle THOMPSON,89243,Roobbie ALLEN,2023-01-16
11,Polish A1,E1,Rosabelle THOMPSON,89244,Romy MARTIN,2023-01-16
11,Polish A1,E1,Rosabelle THOMPSON,89245,Ronna MARTIN,2023-01-16
11,Polish A1,E1,Rosabelle THOMPSON,89246,Romola WILSON,2023-01-16
11,Polish A1,E1,Rosabelle THOMPSON,89247,Rosalinda WILLIAMS,2023-01-16
12,Polish A2,H3,Rosabelle THOMPSON,89248,Rosmunda THOMAS,2023-01-06
12,Polish A2,H3,Rosabelle THOMPSON,89249,Romy MARTIN,2023-01-06
12,Polish A2,H3,Rosabelle THOMPSON,89250,Rodina THOMAS,2023-01-06
12,Polish A2,H3,Rosabelle THOMPSON,89251,Rori GARCIA,2023-01-06
12,Polish A2,H3,Rosabelle THOMPSON,89252,Rosette WILSON,2023-01-06
12,Polish A2,H3,Rosabelle THOMPSON,89253,Ronda WILSON,2023-01-06
12,Polish A2,H3,Rosabelle THOMPSON,89254,Rosaleen GARCIA,2023-01-06
12,Polish A2,H3,Rosabelle THOMPSON,89255,Rosemonde JACKSON,2023-01-06
12,Polish A2,H3,Rosabelle THOMPSON,89256,Roselle WHITE,2023-01-06
12,Polish A2,H3,Rosabelle THOMPSON,89257,Ronalda GARCIA,2023-01-06
12,Polish A2,H3,Rosabelle THOMPSON,89258,Rorie JACKSON,2023-01-06
12,Polish A2,H3,Rosabelle THOMPSON,89259,Rosaleen JACKSON,2023-01-06
12,Polish A2,H3,Rosabelle THOMPSON,89260,Roselia JOHNSON,2023-01-06
12,Polish A2,H3,Rosabelle THOMPSON,89261,Rochelle JONES,2023-01-06
12,Polish A2,H3,Rosabelle THOMPSON,89262,Roseann WILSON,2023-01-06
12,Polish A2,H3,Rosabelle THOMPSON,89263,Ronnica MARTINEZ,2023-01-06
12,Polish A2,H3,Rosabelle THOMPSON,89264,Rosabel ROBINSON,2023-01-06
12,Polish A2,H3,Rosabelle THOMPSON,89265,Rorie GARCIA,2023-01-06
12,Polish A2,H3,Rosabelle THOMPSON,89266,Rosamond MOORE,2023-01-06
12,Polish A2,H3,Rosabelle THOMPSON,89267,Roda TAYLOR,2023-01-06
12,Polish A2,H3,Rosabelle THOMPSON,89268,Ronni WILSON,2023-01-06
12,Polish A2,H3,Rosabelle THOMPSON,89269,Roch RODRIGUEZ,2023-01-06
12,Polish A2,H3,Rosabelle THOMPSON,89270,Rosemarie THOMAS,2023-01-06
12,Polish A2,H3,Rosabelle THOMPSON,89271,Ronnica THOMPSON,2023-01-06
12,Polish A2,H3,Rosabelle THOMPSON,89272,Rosemary JONES,2023-01-06
12,Polish A2,H3,Rosabelle THOMPSON,89273,Rosalie MARTIN,2023-01-06
12,Polish A2,H3,Rosabelle THOMPSON,89274,Rodi ALLEN,2023-01-06
12,Polish A2,H3,Rosabelle THOMPSON,89275,Roseline MARTINEZ,2023-01-06
12,Polish A2,H3,Rosabelle THOMPSON,89276,Rochell MARTINEZ,2023-01-06
12,Polish A2,H3,Rosabelle THOMPSON,89277,Rona HALL,2023-01-06
13,Polish B1,C7,Rosabelle THOMPSON,89278,Roseanne CLARK,2023-02-07
13,Polish B1,C7,Rosabelle THOMPSON,89279,Rosalinde WHITE,2023-02-07
13,Polish B1,C7,Rosabelle THOMPSON,89280,Rori WALKER,2023-02-07
13,Polish B1,C7,Rosabelle THOMPSON,89281,Rora WALKER,2023-02-07
13,Polish B1,C7,Rosabelle THOMPSON,89282,Roselle HALL,2023-02-07
13,Polish B1,C7,Rosabelle THOMPSON,89283,Roda THOMAS,2023-02-07
13,Polish B1,C7,Rosabelle THOMPSON,89284,Romona TAYLOR,2023-02-07
13,Polish B1,C7,Rosabelle THOMPSON,89285,Rose YOUNG,2023-02-07
13,Polish B1,C7,Rosabelle THOMPSON,89286,Rosina JONES,2023-02-07
13,Polish B1,C7,Rosabelle THOMPSON,89287,Rodie MILLER,2023-02-07
13,Polish B1,C7,Rosabelle THOMPSON,89288,Romonda WILSON,2023-02-07
13,Polish B1,C7,Rosabelle THOMPSON,89289,Rosabelle HARRIS,2023-02-07
13,Polish B1,C7,Rosabelle THOMPSON,89290,Rochelle DAVIS,2023-02-07
13,Polish B1,C7,Rosabelle THOMPSON,89291,Rosamond WHITE,2023-02-07
13,Polish B1,C7,Rosabelle THOMPSON,89292,Rosalind HALL,2023-02-07
13,Polish B1,C7,Rosabelle THOMPSON,89293,Rosabella BROWN,2023-02-07
13,Polish B1,C7,Rosabelle THOMPSON,89294,Rona JACKSON,2023-02-07
13,Polish B1,C7,Rosabelle THOMPSON,89295,Rosalynd WHITE,2023-02-07
13,Polish B1,C7,Rosabelle THOMPSON,89296,Rosamund JONES,2023-02-07
13,Polish B1,C7,Rosabelle THOMPSON,89297,Rosamund ALLEN,2023-02-07
13,Polish B1,C7,Rosabelle THOMPSON,89298,Rochella YOUNG,2023-02-07
13,Polish B1,C7,Rosabelle THOMPSON,89299,Rosabelle ANDERSON,2023-02-07
13,Polish B1,C7,Rosabelle THOMPSON,89300,Rodie MOORE,2023-02-07
13,Polish B1,C7,Rosabelle THOMPSON,89301,Rori HARRIS,2023-02-07
13,Polish B1,C7,Rosabelle THOMPSON,89302,Rochella JONES,2023-02-07
13,Polish B1,C7,Rosabelle THOMPSON,89303,Roobbie DAVIS,2023-02-07
13,Polish B1,C7,Rosabelle THOMPSON,89304,Rose THOMAS,2023-02-07
13,Polish B1,C7,Rosabelle THOMPSON,89305,Rosabella ROBINSON,2023-02-07
13,Polish B1,C7,Rosabelle THOMPSON,89306,Ronica YOUNG,2023-02-07
13,Polish B1,C7,Rosabelle THOMPSON,89307,Rosanne WALKER,2023-02-07
14,Polish B2,F6,Rosamond MARTINEZ,89308,Rosemaria ALLEN,2023-01-06
14,Polish B2,F6,Rosamond MARTINEZ,89309,Rosamund BROWN,2023-01-06
14,Polish B2,F6,Rosamond MARTINEZ,89310,Romona ANDERSON,2023-01-06
14,Polish B2,F6,Rosamond MARTINEZ,89311,Ronny WILSON,2023-01-06
14,Polish B2,F6,Rosamond MARTINEZ,89312,Rosemonde ROBINSON,2023-01-06
14,Polish B2,F6,Rosamond MARTINEZ,89313,Rosemary HALL,2023-01-06
14,Polish B2,F6,Rosamond MARTINEZ,89314,Rosette ALLEN,2023-01-06
14,Polish B2,F6,Rosamond MARTINEZ,89315,Roshelle LEWIS,2023-01-06
14,Polish B2,F6,Rosamond MARTINEZ,89316,Romy MARTIN,2023-01-06
14,Polish B2,F6,Rosamond MARTINEZ,89317,Ros MARTIN,2023-01-06
14,Polish B2,F6,Rosamond MARTINEZ,89318,Romy WILLIAMS,2023-01-06
14,Polish B2,F6,Rosamond MARTINEZ,89319,Roselin HARRIS,2023-01-06
14,Polish B2,F6,Rosamond MARTINEZ,89320,Roda SMITH,2023-01-06
14,Polish B2,F6,Rosamond MARTINEZ,89321,Roselia WILLIAMS,2023-01-06
14,Polish B2,F6,Rosamond MARTINEZ,89322,Rosalind MARTINEZ,2023-01-06
14,Polish B2,F6,Rosamond MARTINEZ,89323,Rosalinda YOUNG,2023-01-06
14,Polish B2,F6,Rosamond MARTINEZ,89324,Rosette JONES,2023-01-06
14,Polish B2,F6,Rosamond MARTINEZ,89325,Rory ANDERSON,2023-01-06
14,Polish B2,F6,Rosamond MARTINEZ,89326,Rosabelle THOMPSON,2023-01-06
14,Polish B2,F6,Rosamond MARTINEZ,89327,Rosene ALLEN,2023-01-06
14,Polish B2,F6,Rosamond MARTINEZ,89328,Rosetta JACKSON,2023-01-06
14,Polish B2,F6,Rosamond MARTINEZ,89329,Rosette YOUNG,2023-01-06
14,Polish B2,F6,Rosamond MARTINEZ,89330,Rosalinde SMITH,2023-01-06
14,Polish B2,F6,Rosamond MARTINEZ,89331,Rochelle GARCIA,2023-01-06
14,Polish B2,F6,Rosamond MARTINEZ,89332,Rochell HARRIS,2023-01-06
14,Polish B2,F6,Rosamond MARTINEZ,89333,Rodie RODRIGUEZ,2023-01-06
14,Polish B2,F6,Rosamond MARTINEZ,89334,Rodie WALKER,2023-01-06
14,Polish B2,F6,Rosamond MARTINEZ,89335,Rosalind JOHNSON,2023-01-06
14,Polish B2,F6,Rosamond MARTINEZ,89336,Ronica ANDERSON,2023-01-06
14,Polish B2,F6,Rosamond MARTINEZ,89337,Rosene CLARK,2023-01-06
15,Polish C1,F2,Rochelle ANDERSON,89338,Roslyn MILLER,2023-01-26
15,Polish C1,F2,Rochelle ANDERSON,89339,Rosemonde HALL,2023-01-26
15,Polish C1,F2,Rochelle ANDERSON,89340,Roselle SMITH,2023-01-26
15,Polish C1,F2,Rochelle ANDERSON,89341,Romonda YOUNG,2023-01-26
15,Polish C1,F2,Rochelle ANDERSON,89342,Roseanne JOHNSON,2023-01-26
15,Polish C1,F2,Rochelle ANDERSON,89343,Ros MOORE,2023-01-26
15,Polish C1,F2,Rochelle ANDERSON,89344,Roseanne WILSON,2023-01-26
15,Polish C1,F2,Rochelle ANDERSON,89345,Rois RODRIGUEZ,2023-01-26
15,Polish C1,F2,Rochelle ANDERSON,89346,Rois WALKER,2023-01-26
15,Polish C1,F2,Rochelle ANDERSON,89347,Rona ALLEN,2023-01-26
15,Polish C1,F2,Rochelle ANDERSON,89348,Roselin MILLER,2023-01-26
15,Polish C1,F2,Rochelle ANDERSON,89349,Rosalynd DAVIS,2023-01-26
15,Polish C1,F2,Rochelle ANDERSON,89350,Roselia LEWIS,2023-01-26
15,Polish C1,F2,Rochelle ANDERSON,89351,Rosemarie JOHNSON,2023-01-26
15,Polish C1,F2,Rochelle ANDERSON,89352,Rory HALL,2023-01-26
15,Polish C1,F2,Rochelle ANDERSON,89353,Rodina MARTINEZ,2023-01-26
15,Polish C1,F2,Rochelle ANDERSON,89354,Rosabella DAVIS,2023-01-26
15,Polish C1,F2,Rochelle ANDERSON,89355,Rosella WALKER,2023-01-26
15,Polish C1,F2,Rochelle ANDERSON,89356,Rosemonde MARTIN,2023-01-26
15,Polish C1,F2,Rochelle ANDERSON,89357,Roselia MILLER,2023-01-26
15,Polish C1,F2,Rochelle ANDERSON,89358,Rosemary JOHNSON,2023-01-26
15,Polish C1,F2,Rochelle ANDERSON,89359,Rosabel WHITE,2023-01-26
15,Polish C1,F2,Rochelle ANDERSON,89360,Rosamund HALL,2023-01-26
15,Polish C1,F2,Rochelle ANDERSON,89361,Rosalyn LEE,2023-01-26
15,Polish C1,F2,Rochelle ANDERSON,89362,Rosene CLARK,2023-01-26
15,Polish C1,F2,Rochelle ANDERSON,89363,Roobbie THOMAS,2023-01-26
15,Polish C1,F2,Rochelle ANDERSON,89364,Rochell THOMAS,2023-01-26
15,Polish C1,F2,Rochelle ANDERSON,89365,Ronda WALKER,2023-01-26
15,Polish C1,F2,Rochelle ANDERSON,89366,Rosie WILSON,2023-01-26
15,Polish C1,F2,Rochelle ANDERSON,89367,Rosie WALKER,2023-01-26
16,Polish C2,G0,Rochelle ANDERSON,89368,Ronna LEE,2023-02-17
16,Polish C2,G0,Rochelle ANDERSON,89369,Rosalinda ANDERSON,2023-02-17
16,Polish C2,G0,Rochelle ANDERSON,89370,Roseanna JACKSON,2023-02-17
16,Polish C2,G0,Rochelle ANDERSON,89371,Roseann JONES,2023-02-17
16,Polish C2,G0,Rochelle ANDERSON,89372,Ros HALL,2023-02-17
16,Polish C2,G0,Rochelle ANDERSON,89373,Romy GARCIA,2023-02-17
16,Polish C2,G0,Rochelle ANDERSON,89374,Roseanna MOORE,2023-02-17
16,Polish C2,G0,Rochelle ANDERSON,89375,Roseline THOMPSON,2023-02-17
16,Polish C2,G0,Rochelle ANDERSON,89376,Roseline LEWIS,2023-02-17
16,Polish C2,G0,Rochelle ANDERSON,89377,Rori LEWIS,2023-02-17
16,Polish C2,G0,Rochelle ANDERSON,89378,Rosina DAVIS,2023-02-17
16,Polish C2,G0,Rochelle ANDERSON,89379,Rosabelle LEWIS,2023-02-17
16,Polish C2,G0,Rochelle ANDERSON,89380,Rosalinde WALKER,2023-02-17
16,Polish C2,G0,Rochelle ANDERSON,89381,Rosalyn LEE,2023-02-17
16,Polish C2,G0,Rochelle ANDERSON,89382,Ronnie THOMAS,2023-02-17
16,Polish C2,G0,Rochelle ANDERSON,89383,Rora WALKER,2023-02-17
16,Polish C2,G0,Rochelle ANDERSON,89384,Roobbie WILSON,2023-02-17
16,Polish C2,G0,Rochelle ANDERSON,89385,Rochette JONES,2023-02-17
16,Polish C2,G0,Rochelle ANDERSON,89386,Roseann HALL,2023-02-17
16,Polish C2,G0,Rochelle ANDERSON,89387,Rory MILLER,2023-02-17
16,Polish C2,G0,Rochelle ANDERSON,89388,Rosene LEWIS,2023-02-17
16,Polish C2,G0,Rochelle ANDERSON,89389,Rosalie WHITE,2023-02-17
16,Polish C2,G0,Rochelle ANDERSON,89390,Rona BROWN,2023-02-17
16,Polish C2,G0,Rochelle ANDERSON,89391,Roslyn WILLIAMS,2023-02-17
16,Polish C2,G0,Rochelle ANDERSON,89392,Rosa WALKER,2023-02-17
16,Polish C2,G0,Rochelle ANDERSON,89393,Rosalynd DAVIS,2023-02-17
16,Polish C2,G0,Rochelle ANDERSON,89394,Rosaline BROWN,2023-02-17
16,Polish C2,G0,Rochelle ANDERSON,89395,Romy JACKSON,2023-02-17
16,Polish C2,G0,Rochelle ANDERSON,89396,Romonda ROBINSON,2023-02-17
16,Polish C2,G0,Rochelle ANDERSON,89397,Rory GARCIA,2023-02-17
17,English A1,D4,Rosalyn JOHNSON,89398,Rodie WHITE,2023-02-18
17,English A1,D4,Rosalyn JOHNSON,89399,Ronnie HARRIS,2023-02-18
17,English A1,D4,Rosalyn JOHNSON,89400,Rosanna JACKSON,2023-02-18
17,English A1,D4,Rosalyn JOHNSON,89401,Rosa THOMPSON,2023-02-18
17,English A1,D4,Rosalyn JOHNSON,89402,Rosella MOORE,2023-02-18
17,English A1,D4,Rosalyn JOHNSON,89403,Rosemaria JONES,2023-02-18
17,English A1,D4,Rosalyn JOHNSON,89404,Rory GARCIA,2023-02-18
17,English A1,D4,Rosalyn JOHNSON,89405,Rosanne GARCIA,2023-02-18
17,English A1,D4,Rosalyn JOHNSON,89406,Rora WHITE,2023-02-18
17,English A1,D4,Rosalyn JOHNSON,89407,Romola HARRIS,2023-02-18
17,English A1,D4,Rosalyn JOHNSON,89408,Ronnica YOUNG,2023-02-18
17,English A1,D4,Rosalyn JOHNSON,89409,Rosemaria YOUNG,2023-02-18
17,English A1,D4,Rosalyn JOHNSON,89410,Rochella CLARK,2023-02-18
17,English A1,D4,Rosalyn JOHNSON,89411,Rosalie HARRIS,2023-02-18
17,English A1,D4,Rosalyn JOHNSON,89412,Rosina ROBINSON,2023-02-18
17,English A1,D4,Rosalyn JOHNSON,89413,Rosalie WILSON,2023-02-18
17,English A1,D4,Rosalyn JOHNSON,89414,Rora JONES,2023-02-18
17,English A1,D4,Rosalyn JOHNSON,89415,Rochelle WILSON,2023-02-18
17,English A1,D4,Rosalyn JOHNSON,89416,Rosana DAVIS,2023-02-18
17,English A1,D4,Rosalyn JOHNSON,89417,Rosemaria WILSON,2023-02-18
17,English A1,D4,Rosalyn JOHNSON,89418,Rosita RODRIGUEZ,2023-02-18
17,English A1,D4,Rosalyn JOHNSON,89419,Ronnie RODRIGUEZ,2023-02-18
17,English A1,D4,Rosalyn JOHNSON,89420,Rosella BROWN,2023-02-18
17,English A1,D4,Rosalyn JOHNSON,89421,Rois MILLER,2023-02-18
17,English A1,D4,Rosalyn JOHNSON,89422,Roseline TAYLOR,2023-02-18
17,English A1,D4,Rosalyn JOHNSON,89423,Rosalia THOMAS,2023-02-18
17,English A1,D4,Rosalyn JOHNSON,89424,Rosette GARCIA,2023-02-18
17,English A1,D4,Rosalyn JOHNSON,89425,Roseline MARTIN,2023-02-18
17,English A1,D4,Rosalyn JOHNSON,89426,Roselin MARTINEZ,2023-02-18
17,English A1,D4,Rosalyn JOHNSON,89427,Roselia DAVIS,2023-02-18
18,English A2,D5,Roda THOMAS,89428,Rora HALL,2023-02-27
18,English A2,D5,Roda THOMAS,89429,Rochella ANDERSON,2023-02-27
18,English A2,D5,Roda THOMAS,89430,Ros LEE,2023-02-27
18,English A2,D5,Roda THOMAS,89431,Rosanna THOMAS,2023-02-27
18,English A2,D5,Roda THOMAS,89432,Roseann ROBINSON,2023-02-27
18,English A2,D5,Roda THOMAS,89433,Rose BROWN,2023-02-27
18,English A2,D5,Roda THOMAS,89434,Roch JOHNSON,2023-02-27
18,English A2,D5,Roda THOMAS,89435,Rosamond MARTINEZ,2023-02-27
18,English A2,D5,Roda THOMAS,89436,Rosamond TAYLOR,2023-02-27
18,English A2,D5,Roda THOMAS,89437,Roslyn LEE,2023-02-27
18,English A2,D5,Roda THOMAS,89438,Roselia LEE,2023-02-27
18,English A2,D5,Roda THOMAS,89439,Rosamund THOMAS,2023-02-27
18,English A2,D5,Roda THOMAS,89440,Roselia THOMPSON,2023-02-27
18,English A2,D5,Roda THOMAS,89441,Rodie LEWIS,2023-02-27
18,English A2,D5,Roda THOMAS,89442,Rois DAVIS,2023-02-27
18,English A2,D5,Roda THOMAS,89443,Rosie ALLEN,2023-02-27
18,English A2,D5,Roda THOMAS,89444,Roseann THOMPSON,2023-02-27
18,English A2,D5,Roda THOMAS,89445,Rosalia RODRIGUEZ,2023-02-27
18,English A2,D5,Roda THOMAS,89446,Rori THOMPSON,2023-02-27
18,English A2,D5,Roda THOMAS,89447,Rochella ROBINSON,2023-02-27
18,English A2,D5,Roda THOMAS,89448,Rosalinde RODRIGUEZ,2023-02-27
18,English A2,D5,Roda THOMAS,89449,Roseanna ANDERSON,2023-02-27
18,English A2,D5,Roda THOMAS,89450,Rora THOMAS,2023-02-27
18,English A2,D5,Roda THOMAS,89451,Rochette TAYLOR,2023-02-27
18,English A2,D5,Roda THOMAS,89452,Rochette BROWN,2023-02-27
18,English A2,D5,Roda THOMAS,89453,Rosaline WILSON,2023-02-27
18,English A2,D5,Roda THOMAS,89454,Rosaline GARCIA,2023-02-27
18,English A2,D5,Roda THOMAS,89455,Rochella MARTINEZ,2023-02-27
18,English A2,D5,Roda THOMAS,89456,Rosalyn WHITE,2023-02-27
18,English A2,D5,Roda THOMAS,89457,Roseanna ANDERSON,2023-02-27
19,English B1,C3,Rosie YOUNG,89458,Rosemarie LEE,2023-02-02
19,English B1,C3,Rosie YOUNG,89459,Roseann YOUNG,2023-02-02
19,English B1,C3,Rosie YOUNG,89460,Rosanne JONES,2023-02-02
19,English B1,C3,Rosie YOUNG,89461,Roselia THOMAS,2023-02-02
19,English B1,C3,Rosie YOUNG,89462,Rochelle JONES,2023-02-02
19,English B1,C3,Rosie YOUNG,89463,Ronalda THOMPSON,2023-02-02
19,English B1,C3,Rosie YOUNG,89464,Roselle MARTINEZ,2023-02-02
19,English B1,C3,Rosie YOUNG,89465,Rosalie THOMAS,2023-02-02
19,English B1,C3,Rosie YOUNG,89466,Rochella DAVIS,2023-02-02
19,English B1,C3,Rosie YOUNG,89467,Rorie RODRIGUEZ,2023-02-02
19,English B1,C3,Rosie YOUNG,89468,Romona ROBINSON,2023-02-02
19,English B1,C3,Rosie YOUNG,89469,Romonda THOMPSON,2023-02-02
19,English B1,C3,Rosie YOUNG,89470,Roch THOMAS,2023-02-02
19,English B1,C3,Rosie YOUNG,89471,Rosella ANDERSON,2023-02-02
19,English B1,C3,Rosie YOUNG,89472,Rodi TAYLOR,2023-02-02
19,English B1,C3,Rosie YOUNG,89473,Rosemonde THOMAS,2023-02-02
19,English B1,C3,Rosie YOUNG,89474,Romola JONES,2023-02-02
19,English B1,C3,Rosie YOUNG,89475,Rosaleen WALKER,2023-02-02
19,English B1,C3,Rosie YOUNG,89476,Rory HARRIS,2023-02-02
19,English B1,C3,Rosie YOUNG,89477,Rois HARRIS,2023-02-02
19,English B1,C3,Rosie YOUNG,89478,Roseanna JONES,2023-02-02
19,English B1,C3,Rosie YOUNG,89479,Roseanne MARTIN,2023-02-02
19,English B1,C3,Rosie YOUNG,89480,Roselle JONES,2023-02-02
19,English B1,C3,Rosie YOUNG,89481,Rosene GARCIA,2023-02-02
19,English B1,C3,Rosie YOUNG,89482,Rochella HALL,2023-02-02
19,English B1,C3,Rosie YOUNG,89483,Rosemarie TAYLOR,2023-02-02
19,English B1,C3,Rosie YOUNG,89484,Rosalie ROBINSON,2023-02-02
19,English B1,C3,Rosie YOUNG,89485,Ronica LEWIS,2023-02-02
19,English B1,C3,Rosie YOUNG,89486,Rosmunda MARTIN,2023-02-02
19,English B1,C3,Rosie YOUNG,89487,Ros HALL,2023-02-02
20,English B2,D4,Rosmunda MARTINEZ,89488,Ros TAYLOR,2023-01-22
20,English B2,D4,Rosmunda MARTINEZ,89489,Roseline DAVIS,2023-01-22
20,English B2,D4,Rosmunda MARTINEZ,89490,Rosella RODRIGUEZ,2023-01-22
20,English B2,D4,Rosmunda MARTINEZ,89491,Rois MILLER,2023-01-22
20,English B2,D4,Rosmunda MARTINEZ,89492,Romona HARRIS,2023-01-22
20,English B2,D4,Rosmunda MARTINEZ,89493,Rochella WILSON,2023-01-22
20,English B2,D4,Rosmunda MARTINEZ,89494,Rosalinde CLARK,2023-01-22
20,English B2,D4,Rosmunda MARTINEZ,89495,Rosella JONES,2023-01-22
20,English B2,D4,Rosmunda MARTINEZ,89496,Rodi WHITE,2023-01-22
20,English B2,D4,Rosmunda MARTINEZ,89497,Rosamond MOORE,2023-01-22
20,English B2,D4,Rosmunda MARTINEZ,89498,Rory SMITH,2023-01-22
20,English B2,D4,Rosmunda MARTINEZ,89499,Rosmunda WHITE,2023-01-22
20,English B2,D4,Rosmunda MARTINEZ,89500,Rodina HALL,2023-01-22
20,English B2,D4,Rosmunda MARTINEZ,89501,Rosmunda ROBINSON,2023-01-22
20,English B2,D4,Rosmunda MARTINEZ,89502,Rose DAVIS,2023-01-22
20,English B2,D4,Rosmunda MARTINEZ,89503,Ros LEWIS,2023-01-22
20,English B2,D4,Rosmunda MARTINEZ,89504,Ronny WILLIAMS,2023-01-22
20,English B2,D4,Rosmunda MARTINEZ,89505,Rorie THOMPSON,2023-01-22
20,English B2,D4,Rosmunda MARTINEZ,89506,Rosie DAVIS,2023-01-22
20,English B2,D4,Rosmunda MARTINEZ,89507,Rona ALLEN,2023-01-22
20,English B2,D4,Rosmunda MARTINEZ,89508,Ronni ROBINSON,2023-01-22
20,English B2,D4,Rosmunda MARTINEZ,89509,Rora ROBINSON,2023-01-22
20,English B2,D4,Rosmunda MARTINEZ,89510,Rosene LEWIS,2023-01-22
20,English B2,D4,Rosmunda MARTINEZ,89511,Rosina MILLER,2023-01-22
20,English B2,D4,Rosmunda MARTINEZ,89512,Rosette TAYLOR,2023-01-22
20,English B2,D4,Rosmunda MARTINEZ,89513,Rosmunda WHITE,2023-01-22
20,English B2,D4,Rosmunda MARTINEZ,89514,Roselin CLARK,2023-01-22
20,English B2,D4,Rosmunda MARTINEZ,89515,Rochella WHITE,2023-01-22
20,English B2,D4,Rosmunda MARTINEZ,89516,Roseanna LEWIS,2023-01-22
20,English B2,D4,Rosmunda MARTINEZ,89517,Rosalind THOMAS,2023-01-22
21,English C1,G0,Rosella THOMPSON,89518,Rose JACKSON,2023-01-06
21,English C1,G0,Rosella THOMPSON,89519,Rosamund HALL,2023-01-06
21,English C1,G0,Rosella THOMPSON,89520,Rodi LEE,2023-01-06
21,English C1,G0,Rosella THOMPSON,89521,Rosaleen MILLER,2023-01-06
21,English C1,G0,Rosella THOMPSON,89522,Rosabelle GARCIA,2023-01-06
21,English C1,G0,Rosella THOMPSON,89523,Roseanna MARTIN,2023-01-06
21,English C1,G0,Rosella THOMPSON,89524,Rosamund TAYLOR,2023-01-06
21,English C1,G0,Rosella THOMPSON,89525,Romonda WILSON,2023-01-06
21,English C1,G0,Rosella THOMPSON,89526,Rochelle RODRIGUEZ,2023-01-06
21,English C1,G0,Rosella THOMPSON,89527,Roselle WILSON,2023-01-06
21,English C1,G0,Rosella THOMPSON,89528,Rosalia WHITE,2023-01-06
21,English C1,G0,Rosella THOMPSON,89529,Rorie THOMPSON,2023-01-06
21,English C1,G0,Rosella THOMPSON,89530,Rosalinda THOMPSON,2023-01-06
21,English C1,G0,Rosella THOMPSON,89531,Romola THOMAS,2023-01-06
21,English C1,G0,Rosella THOMPSON,89532,Roch ALLEN,2023-01-06
21,English C1,G0,Rosella THOMPSON,89533,Rosalyn MARTIN,2023-01-06
21,English C1,G0,Rosella THOMPSON,89534,Rochella DAVIS,2023-01-06
21,English C1,G0,Rosella THOMPSON,89535,Rochella GARCIA,2023-01-06
21,English C1,G0,Rosella THOMPSON,89536,Roselle RODRIGUEZ,2023-01-06
21,English C1,G0,Rosella THOMPSON,89537,Ronalda WILLIAMS,2023-01-06
21,English C1,G0,Rosella THOMPSON,89538,Ronna THOMPSON,2023-01-06
21,English C1,G0,Rosella THOMPSON,89539,Rory MILLER,2023-01-06
21,English C1,G0,Rosella THOMPSON,89540,Ronnica MOORE,2023-01-06
21,English C1,G0,Rosella THOMPSON,89541,Roch THOMPSON,2023-01-06
21,English C1,G0,Rosella THOMPSON,89542,Roslyn TAYLOR,2023-01-06
21,English C1,G0,Rosella THOMPSON,89543,Rosalinda THOMAS,2023-01-06
21,English C1,G0,Rosella THOMPSON,89544,Roseann ANDERSON,2023-01-06
21,English C1,G0,Rosella THOMPSON,89545,Rosamund WILSON,2023-01-06
21,English C1,G0,Rosella THOMPSON,89546,Rosamund THOMAS,2023-01-06
21,English C1,G0,Rosella THOMPSON,89547,Rosette HALL,2023-01-06
22,English C2,G2,Roseanne ANDERSON,89548,Rosene JOHNSON,2023-01-23
22,English C2,G2,Roseanne ANDERSON,89549,Ronny WALKER,2023-01-23
22,English C2,G2,Roseanne ANDERSON,89550,Roobbie ANDERSON,2023-01-23
22,English C2,G2,Roseanne ANDERSON,89551,Roseanne GARCIA,2023-01-23
22,English C2,G2,Roseanne ANDERSON,89552,Rosanna DAVIS,2023-01-23
22,English C2,G2,Roseanne ANDERSON,89553,Rosalinda ANDERSON,2023-01-23
22,English C2,G2,Roseanne ANDERSON,89554,Rosalyn MILLER,2023-01-23
22,English C2,G2,Roseanne ANDERSON,89555,Rosaline WHITE,2023-01-23
22,English C2,G2,Roseanne ANDERSON,89556,Rosanna BROWN,2023-01-23
22,English C2,G2,Roseanne ANDERSON,89557,Rona HALL,2023-01-23
22,English C2,G2,Roseanne ANDERSON,89558,Rose GARCIA,2023-01-23
22,English C2,G2,Roseanne ANDERSON,89559,Rochella HARRIS,2023-01-23
22,English C2,G2,Roseanne ANDERSON,89560,Rory MOORE,2023-01-23
22,English C2,G2,Roseanne ANDERSON,89561,Roseanna WALKER,2023-01-23
22,English C2,G2,Roseanne ANDERSON,89562,Roseanna TAYLOR,2023-01-23
22,English C2,G2,Roseanne ANDERSON,89563,Romonda ALLEN,2023-01-23
22,English C2,G2,Roseanne ANDERSON,89564,Rosalie MARTIN,2023-01-23
22,English C2,G2,Roseanne ANDERSON,89565,Rosemonde LEE,2023-01-23
22,English C2,G2,Roseanne ANDERSON,89566,Roseanne ROBINSON,2023-01-23
22,English C2,G2,Roseanne ANDERSON,89567,Romy LEWIS,2023-01-23
22,English C2,G2,Roseanne ANDERSON,89568,Romy MARTINEZ,2023-01-23
22,English C2,G2,Roseanne ANDERSON,89569,Rosita WILLIAMS,2023-01-23
22,English C2,G2,Roseanne ANDERSON,89570,Rosalind WILSON,2023-01-23
22,English C2,G2,Roseanne ANDERSON,89571,Rosita MARTINEZ,2023-01-23
22,English C2,G2,Roseanne ANDERSON,89572,Rosina WILSON,2023-01-23
22,English C2,G2,Roseanne ANDERSON,89573,Rosabella DAVIS,2023-01-23
22,English C2,G2,Roseanne ANDERSON,89574,Roseline WALKER,2023-01-23
22,English C2,G2,Roseanne ANDERSON,89575,Rosalinde ALLEN,2023-01-23
22,English C2,G2,Roseanne ANDERSON,89576,Rosalyn HALL,2023-01-23
22,English C2,G2,Roseanne ANDERSON,89577,Ronda DAVIS,2023-01-23
23,Japanese A1,B4,Rodina LEWIS,89578,Rosene ALLEN,2023-02-10
23,Japanese A1,B4,Rodina LEWIS,89579,Rosella TAYLOR,2023-02-10
23,Japanese A1,B4,Rodina LEWIS,89580,Rosmunda ANDERSON,2023-02-10
23,Japanese A1,B4,Rodina LEWIS,89581,Rosaline MILLER,2023-02-10
23,Japanese A1,B4,Rodina LEWIS,89582,Ronda MILLER,2023-02-10
23,Japanese A1,B4,Rodina LEWIS,89583,Roselin RODRIGUEZ,2023-02-10
23,Japanese A1,B4,Rodina LEWIS,89584,Rori MARTIN,2023-02-10
23,Japanese A1,B4,Rodina LEWIS,89585,Rosabelle WALKER,2023-02-10
23,Japanese A1,B4,Rodina LEWIS,89586,Ronna LEWIS,2023-02-10
23,Japanese A1,B4,Rodina LEWIS,89587,Rodie CLARK,2023-02-10
23,Japanese A1,B4,Rodina LEWIS,89588,Rodina CLARK,2023-02-10
23,Japanese A1,B4,Rodina LEWIS,89589,Ros BROWN,2023-02-10
23,Japanese A1,B4,Rodina LEWIS,89590,Rona JONES,2023-02-10
23,Japanese A1,B4,Rodina LEWIS,89591,Rosaleen MILLER,2023-02-10
23,Japanese A1,B4,Rodina LEWIS,89592,Rosaline RODRIGUEZ,2023-02-10
23,Japanese A1,B4,Rodina LEWIS,89593,Rodi JOHNSON,2023-02-10
23,Japanese A1,B4,Rodina LEWIS,89594,Rosetta CLARK,2023-02-10
23,Japanese A1,B4,Rodina LEWIS,89595,Romola RODRIGUEZ,2023-02-10
23,Japanese A1,B4,Rodina LEWIS,89596,Rosalind MOORE,2023-02-10
23,Japanese A1,B4,Rodina LEWIS,89597,Roseann MOORE,2023-02-10
23,Japanese A1,B4,Rodina LEWIS,89598,Rosaline JOHNSON,2023-02-10
23,Japanese A1,B4,Rodina LEWIS,89599,Ronica ANDERSON,2023-02-10
23,Japanese A1,B4,Rodina LEWIS,89600,Ronalda THOMPSON,2023-02-10
23,Japanese A1,B4,Rodina LEWIS,89601,Rosemonde WALKER,2023-02-10
23,Japanese A1,B4,Rodina LEWIS,89602,Rosanna MILLER,2023-02-10
23,Japanese A1,B4,Rodina LEWIS,89603,Rosalinde ALLEN,2023-02-10
23,Japanese A1,B4,Rodina LEWIS,89604,Roselle ANDERSON,2023-02-10
23,Japanese A1,B4,Rodina LEWIS,89605,Rosalynd SMITH,2023-02-10
23,Japanese A1,B4,Rodina LEWIS,89606,Ros DAVIS,2023-02-10
23,Japanese A1,B4,Rodina LEWIS,89607,Romy THOMAS,2023-02-10
24,Japanese A2,D1,Rosemaria WALKER,89608,Rona YOUNG,2023-02-21
24,Japanese A2,D1,Rosemaria WALKER,89609,Ronny WILLIAMS,2023-02-21
24,Japanese A2,D1,Rosemaria WALKER,89610,Ronni CLARK,2023-02-21
24,Japanese A2,D1,Rosemaria WALKER,89611,Rosemaria YOUNG,2023-02-21
24,Japanese A2,D1,Rosemaria WALKER,89612,Roslyn SMITH,2023-02-21
24,Japanese A2,D1,Rosemaria WALKER,89613,Rosalie JONES,2023-02-21
24,Japanese A2,D1,Rosemaria WALKER,89614,Ronda WILSON,2023-02-21
24,Japanese A2,D1,Rosemaria WALKER,89615,Rosemaria GARCIA,2023-02-21
24,Japanese A2,D1,Rosemaria WALKER,89616,Rosana GARCIA,2023-02-21
24,Japanese A2,D1,Rosemaria WALKER,89617,Rosaline JOHNSON,2023-02-21
24,Japanese A2,D1,Rosemaria WALKER,89618,Rosamund LEE,2023-02-21
24,Japanese A2,D1,Rosemaria WALKER,89619,Ronna WILLIAMS,2023-02-21
24,Japanese A2,D1,Rosemaria WALKER,89620,Rosabella ANDERSON,2023-02-21
24,Japanese A2,D1,Rosemaria WALKER,89621,Rodie JONES,2023-02-21
24,Japanese A2,D1,Rosemaria WALKER,89622,Ronalda MARTINEZ,2023-02-21
24,Japanese A2,D1,Rosemaria WALKER,89623,Rosina WHITE,2023-02-21
24,Japanese A2,D1,Rosemaria WALKER,89624,Rochell ROBINSON,2023-02-21
24,Japanese A2,D1,Rosemaria WALKER,89625,Rosanna MARTINEZ,2023-02-21
24,Japanese A2,D1,Rosemaria WALKER,89626,Roseline MOORE,2023-02-21
24,Japanese A2,D1,Rosemaria WALKER,89627,Roseanna TAYLOR,2023-02-21
24,Japanese A2,D1,Rosemaria WALKER,89628,Rosabelle WILLIAMS,2023-02-21
24,Japanese A2,D1,Rosemaria WALKER,89629,Rodina WILLIAMS,2023-02-21
24,Japanese A2,D1,Rosemaria WALKER,89630,Rosamund DAVIS,2023-02-21
24,Japanese A2,D1,Rosemaria WALKER,89631,Rora MILLER,2023-02-21
24,Japanese A2,D1,Rosemaria WALKER,89632,Rosabel HALL,2023-02-21
24,Japanese A2,D1,Rosemaria WALKER,89633,Romonda LEE,2023-02-21
24,Japanese A2,D1,Rosemaria WALKER,89634,Ros RODRIGUEZ,2023-02-21
24,Japanese A2,D1,Rosemaria WALKER,89635,Rory MILLER,2023-02-21
24,Japanese A2,D1,Rosemaria WALKER,89636,Rosita SMITH,2023-02-21
24,Japanese A2,D1,Rosemaria WALKER,89637,Rosanne WILLIAMS,2023-02-21
25,Japanese B1,F1,Rosanna MILLER,89638,Rosmunda MARTIN,2023-02-06
25,Japanese B1,F1,Rosanna MILLER,89639,Ronalda MARTINEZ,2023-02-06
25,Japanese B1,F1,Rosanna MILLER,89640,Rosabelle JONES,2023-02-06
25,Japanese B1,F1,Rosanna MILLER,89641,Rosemaria GARCIA,2023-02-06
25,Japanese B1,F1,Rosanna MILLER,89642,Rodie ANDERSON,2023-02-06
25,Japanese B1,F1,Rosanna MILLER,89643,Rosabelle WILLIAMS,2023-02-06
25,Japanese B1,F1,Rosanna MILLER,89644,Rosamund WHITE,2023-02-06
25,Japanese B1,F1,Rosanna MILLER,89645,Rori WHITE,2023-02-06
25,Japanese B1,F1,Rosanna MILLER,89646,Rose LEWIS,2023-02-06
25,Japanese B1,F1,Rosanna MILLER,89647,Rosemary TAYLOR,2023-02-06
25,Japanese B1,F1,Rosanna MILLER,89648,Rodi MILLER,2023-02-06
25,Japanese B1,F1,Rosanna MILLER,89649,Rosetta WHITE,2023-02-06
25,Japanese B1,F1,Rosanna MILLER,89650,Rochell MARTINEZ,2023-02-06
25,Japanese B1,F1,Rosanna MILLER,89651,Rona BROWN,2023-02-06
25,Japanese B1,F1,Rosanna MILLER,89652,Roshelle WHITE,2023-02-06
25,Japanese B1,F1,Rosanna MILLER,89653,Rochelle YOUNG,2023-02-06
25,Japanese B1,F1,Rosanna MILLER,89654,Rosabella HALL,2023-02-06
25,Japanese B1,F1,Rosanna MILLER,89655,Roseanna THOMAS,2023-02-06
25,Japanese B1,F1,Rosanna MILLER,89656,Rosemonde SMITH,2023-02-06
25,Japanese B1,F1,Rosanna MILLER,89657,Roda YOUNG,2023-02-06
25,Japanese B1,F1,Rosanna MILLER,89658,Rochette HALL,2023-02-06
25,Japanese B1,F1,Rosanna MILLER,89659,Rosemary LEE,2023-02-06
25,Japanese B1,F1,Rosanna MILLER,89660,Ronny SMITH,2023-02-06
25,Japanese B1,F1,Rosanna MILLER,89661,Rochella SMITH,2023-02-06
25,Japanese B1,F1,Rosanna MILLER,89662,Rosemaria TAYLOR,2023-02-06
25,Japanese B1,F1,Rosanna MILLER,89663,Rory HARRIS,2023-02-06
25,Japanese B1,F1,Rosanna MILLER,89664,Roshelle ALLEN,2023-02-06
25,Japanese B1,F1,Rosanna MILLER,89665,Roseline WALKER,2023-02-06
25,Japanese B1,F1,Rosanna MILLER,89666,Rosetta JACKSON,2023-02-06
25,Japanese B1,F1,Rosanna MILLER,89667,Rose ANDERSON,2023-02-06
26,Japanese B2,C4,Ronny WHITE,89668,Rosina CLARK,2023-02-14
26,Japanese B2,C4,Ronny WHITE,89669,Rosaleen MOORE,2023-02-14
26,Japanese B2,C4,Ronny WHITE,89670,Ronni WILLIAMS,2023-02-14
26,Japanese B2,C4,Ronny WHITE,89671,Rosamund ROBINSON,2023-02-14
26,Japanese B2,C4,Ronny WHITE,89672,Roseann ALLEN,2023-02-14
26,Japanese B2,C4,Ronny WHITE,89673,Ronalda WILLIAMS,2023-02-14
26,Japanese B2,C4,Ronny WHITE,89674,Rosabel JOHNSON,2023-02-14
26,Japanese B2,C4,Ronny WHITE,89675,Rosalinde ALLEN,2023-02-14
26,Japanese B2,C4,Ronny WHITE,89676,Rori HALL,2023-02-14
26,Japanese B2,C4,Ronny WHITE,89677,Rosalie TAYLOR,2023-02-14
26,Japanese B2,C4,Ronny WHITE,89678,Roseanne ANDERSON,2023-02-14
26,Japanese B2,C4,Ronny WHITE,89679,Rosabel GARCIA,2023-02-14
26,Japanese B2,C4,Ronny WHITE,89680,Rochette JACKSON,2023-02-14
26,Japanese B2,C4,Ronny WHITE,89681,Roch WILSON,2023-02-14
26,Japanese B2,C4,Ronny WHITE,89682,Rosmunda ALLEN,2023-02-14
26,Japanese B2,C4,Ronny WHITE,89683,Rona BROWN,2023-02-14
26,Japanese B2,C4,Ronny WHITE,89684,Rosalinda HALL,2023-02-14
26,Japanese B2,C4,Ronny WHITE,89685,Roshelle TAYLOR,2023-02-14
26,Japanese B2,C4,Ronny WHITE,89686,Rosalinde HARRIS,2023-02-14
26,Japanese B2,C4,Ronny WHITE,89687,Ronda JONES,2023-02-14
26,Japanese B2,C4,Ronny WHITE,89688,Rosene MOORE,2023-02-14
26,Japanese B2,C4,Ronny WHITE,89689,Rosalie GARCIA,2023-02-14
26,Japanese B2,C4,Ronny WHITE,89690,Ros THOMAS,2023-02-14
26,Japanese B2,C4,Ronny WHITE,89691,Ros ALLEN,2023-02-14
26,Japanese B2,C4,Ronny WHITE,89692,Roobbie DAVIS,2023-02-14
26,Japanese B2,C4,Ronny WHITE,89693,Rosa LEWIS,2023-02-14
26,Japanese B2,C4,Ronny WHITE,89694,Rosette THOMPSON,2023-02-14
26,Japanese B2,C4,Ronny WHITE,89695,Romola HARRIS,2023-02-14
26,Japanese B2,C4,Ronny WHITE,89696,Ronica SMITH,2023-02-14
26,Japanese B2,C4,Ronny WHITE,89697,Rosmunda RODRIGUEZ,2023-02-14
27,Japanese C1,H1,Rosina WHITE,89698,Rosemary ANDERSON,2023-02-04
27,Japanese C1,H1,Rosina WHITE,89699,Rosanne LEWIS,2023-02-04
27,Japanese C1,H1,Rosina WHITE,89700,Rosabelle HALL,2023-02-04
27,Japanese C1,H1,Rosina WHITE,89701,Rory HALL,2023-02-04
27,Japanese C1,H1,Rosina WHITE,89702,Roda WHITE,2023-02-04
27,Japanese C1,H1,Rosina WHITE,89703,Roselia JACKSON,2023-02-04
27,Japanese C1,H1,Rosina WHITE,89704,Roselle WILLIAMS,2023-02-04
27,Japanese C1,H1,Rosina WHITE,89705,Rosanna WILSON,2023-02-04
27,Japanese C1,H1,Rosina WHITE,89706,Rosalinde DAVIS,2023-02-04
27,Japanese C1,H1,Rosina WHITE,89707,Rosalinda TAYLOR,2023-02-04
27,Japanese C1,H1,Rosina WHITE,89708,Rosaline ANDERSON,2023-02-04
27,Japanese C1,H1,Rosina WHITE,89709,Rosamond MILLER,2023-02-04
27,Japanese C1,H1,Rosina WHITE,89710,Romola ROBINSON,2023-02-04
27,Japanese C1,H1,Rosina WHITE,89711,Rosana ALLEN,2023-02-04
27,Japanese C1,H1,Rosina WHITE,89712,Romola WILLIAMS,2023-02-04
27,Japanese C1,H1,Rosina WHITE,89713,Rosalind LEWIS,2023-02-04
27,Japanese C1,H1,Rosina WHITE,89714,Ronnie BROWN,2023-02-04
27,Japanese C1,H1,Rosina WHITE,89715,Rodina RODRIGUEZ,2023-02-04
27,Japanese C1,H1,Rosina WHITE,89716,Roseann LEE,2023-02-04
27,Japanese C1,H1,Rosina WHITE,89717,Rori THOMAS,2023-02-04
27,Japanese C1,H1,Rosina WHITE,89718,Roselia WHITE,2023-02-04
27,Japanese C1,H1,Rosina WHITE,89719,Rosanne JOHNSON,2023-02-04
27,Japanese C1,H1,Rosina WHITE,89720,Romonda THOMPSON,2023-02-04
27,Japanese C1,H1,Rosina WHITE,89721,Rorie HALL,2023-02-04
27,Japanese C1,H1,Rosina WHITE,89722,Rosalynd JACKSON,2023-02-04
27,Japanese C1,H1,Rosina WHITE,89723,Rodi YOUNG,2023-02-04
27,Japanese C1,H1,Rosina WHITE,89724,Rosemary MOORE,2023-02-04
27,Japanese C1,H1,Rosina WHITE,89725,Rosalyn MARTINEZ,2023-02-04
27,Japanese C1,H1,Rosina WHITE,89726,Rosette YOUNG,2023-02-04
27,Japanese C1,H1,Rosina WHITE,89727,Rosabella WILLIAMS,2023-02-04
28,Japanese C2,G7,Ronna HARRIS,89728,Rosana ROBINSON,2023-02-25
28,Japanese C2,G7,Ronna HARRIS,89729,Rosemonde TAYLOR,2023-02-25
28,Japanese C2,G7,Ronna HARRIS,89730,Rosanna CLARK,2023-02-25
28,Japanese C2,G7,Ronna HARRIS,89731,Rodie LEE,2023-02-25
28,Japanese C2,G7,Ronna HARRIS,89732,Rosamond WILSON,2023-02-25
28,Japanese C2,G7,Ronna HARRIS,89733,Roseanne MOORE,2023-02-25
28,Japanese C2,G7,Ronna HARRIS,89734,Rosalyn JOHNSON,2023-02-25
28,Japanese C2,G7,Ronna HARRIS,89735,Rosabel JOHNSON,2023-02-25
28,Japanese C2,G7,Ronna HARRIS,89736,Rosabelle GARCIA,2023-02-25
28,Japanese C2,G7,Ronna HARRIS,89737,Romona THOMAS,2023-02-25
28,Japanese C2,G7,Ronna HARRIS,89738,Roseline WILSON,2023-02-25
28,Japanese C2,G7,Ronna HARRIS,89739,Rois LEWIS,2023-02-25
28,Japanese C2,G7,Ronna HARRIS,89740,Roshelle TAYLOR,2023-02-25
28,Japanese C2,G7,Ronna HARRIS,89741,Rosita YOUNG,2023-02-25
28,Japanese C2,G7,Ronna HARRIS,89742,Rosalie THOMPSON,2023-02-25
28,Japanese C2,G7,Ronna HARRIS,89743,Roch MOORE,2023-02-25
28,Japanese C2,G7,Ronna HARRIS,89744,Rosemary MOORE,2023-02-25
28,Japanese C2,G7,Ronna HARRIS,89745,Rosanna TAYLOR,2023-02-25
28,Japanese C2,G7,Ronna HARRIS,89746,Rorie GARCIA,2023-02-25
28,Japanese C2,G7,Ronna HARRIS,89747,Rosalind MOORE,2023-02-25
28,Japanese C2,G7,Ronna HARRIS,89748,Roshelle TAYLOR,2023-02-25
28,Japanese C2,G7,Ronna HARRIS,89749,Rorie DAVIS,2023-02-25
28,Japanese C2,G7,Ronna HARRIS,89750,Rosalind WILSON,2023-02-25
28,Japanese C2,G7,Ronna HARRIS,89751,Rosemary ROBINSON,2023-02-25
28,Japanese C2,G7,Ronna HARRIS,89752,Rosene LEE,2023-02-25
28,Japanese C2,G7,Ronna HARRIS,89753,Roobbie ANDERSON,2023-02-25
28,Japanese C2,G7,Ronna HARRIS,89754,Rois ALLEN,2023-02-25
28,Japanese C2,G7,Ronna HARRIS,89755,Ronda WHITE,2023-02-25
28,Japanese C2,G7,Ronna HARRIS,89756,Rosabel THOMPSON,2023-02-25
28,Japanese C2,G7,Ronna HARRIS,89757,Rosette HARRIS,2023-02-25
29,Mobile Computing,D7,Ronna HARRIS,89758,Rosaleen CLARK,2023-01-05
29,Mobile Computing,D7,Ronna HARRIS,89759,Rory HALL,2023-01-05
29,Mobile Computing,D7,Ronna HARRIS,89760,Rosalia JACKSON,2023-01-05
29,Mobile Computing,D7,Ronna HARRIS,89761,Ronalda JACKSON,2023-01-05
29,Mobile Computing,D7,Ronna HARRIS,89762,Rosalinda ALLEN,2023-01-05
29,Mobile Computing,D7,Ronna HARRIS,89763,Roseanna WHITE,2023-01-05
29,Mobile Computing,D7,Ronna HARRIS,89764,Rosina WILSON,2023-01-05
29,Mobile Computing,D7,Ronna HARRIS,89765,Rosalyn SMITH,2023-01-05
29,Mobile Computing,D7,Ronna HARRIS,89766,Romola JOHNSON,2023-01-05
29,Mobile Computing,D7,Ronna HARRIS,89767,Ronda THOMAS,2023-01-05
29,Mobile Computing,D7,Ronna HARRIS,89768,Rosina SMITH,2023-01-05
29,Mobile Computing,D7,Ronna HARRIS,89769,Rosalie LEE,2023-01-05
29,Mobile Computing,D7,Ronna HARRIS,89770,Rosanne ANDERSON,2023-01-05
29,Mobile Computing,D7,Ronna HARRIS,89771,Roseline HALL,2023-01-05
29,Mobile Computing,D7,Ronna HARRIS,89772,Roselia WALKER,2023-01-05
29,Mobile Computing,D7,Ronna HARRIS,89773,Rosanne HALL,2023-01-05
29,Mobile Computing,D7,Ronna HARRIS,89774,Ronnie CLARK,2023-01-05
29,Mobile Computing,D7,Ronna HARRIS,89775,Rosalie RODRIGUEZ,2023-01-05
29,Mobile Computing,D7,Ronna HARRIS,89776,Ronnica HALL,2023-01-05
29,Mobile Computing,D7,Ronna HARRIS,89777,Rosmunda WHITE,2023-01-05
29,Mobile Computing,D7,Ronna HARRIS,89778,Romona LEE,2023-01-05
29,Mobile Computing,D7,Ronna HARRIS,89779,Ronnie JACKSON,2023-01-05
29,Mobile Computing,D7,Ronna HARRIS,89780,Rochette RODRIGUEZ,2023-01-05
29,Mobile Computing,D7,Ronna HARRIS,89781,Rodie JACKSON,2023-01-05
29,Mobile Computing,D7,Ronna HARRIS,89782,Ronica RODRIGUEZ,2023-01-05
29,Mobile Computing,D7,Ronna HARRIS,89783,Rosalind HARRIS,2023-01-05
29,Mobile Computing,D7,Ronna HARRIS,89784,Rodi MARTIN,2023-01-05
29,Mobile Computing,D7,Ronna HARRIS,89785,Romola ROBINSON,2023-01-05
29,Mobile Computing,D7,Ronna HARRIS,89786,Romy HARRIS,2023-01-05
29,Mobile Computing,D7,Ronna HARRIS,89787,Rochette SMITH,2023-01-05
